id,username,email,hashed_password,first_name,last_name,birthday,picture,created_at
31,bigboydeluxe,big@boy.com,$2b$12$4r9XU525nViiwjCmo2zil.YeKrqJJN3lQOHjrj8Eak463bYvXHZMy,biggest,boy,1999-05-21,https://i.imgur.com/ke9rj5t.jpeg,2024-08-09 10:33:54.512475
32,bigboydeluxe1,bogger@boy.com,$2b$12$vjLcH52zohFuWrKFXOsKBeTNFyd./pPcS2uBCZqjJu8Bjhgl5uvCW,bigger,boy,2002-04-21,https://i.imgur.com/K6ORUJk.png,2024-08-11 21:43:19.115543
34,bobobob,bob@kevin.com,$2b$12$KjLIlbDHGwZoAOTy6lJ9XOwxVYLvNbpThvQAWhPoeNsC4YqHF2f06,bob,stuart,2002-02-12,https://i.imgur.com/K6ORUJk.png,2024-08-12 22:55:13.735858
1,user1,user1@example.com,hashed_password1,John,Doe,1990-01-01,https://i.imgur.com/K6ORUJk.png,2024-08-09 10:27:54.95638
13,user13,user13@example.com,hashed_password13,Daniel,Lee,1986-01-30,https://i.imgur.com/K6ORUJk.png,2024-08-09 10:27:54.95638
14,user14,user14@example.com,hashed_password14,Sophia,García,1991-02-25,https://i.imgur.com/K6ORUJk.png,2024-08-09 10:27:54.95638
15,user15,user15@example.com,hashed_password15,Ethan,Martinez,1995-03-18,https://i.imgur.com/K6ORUJk.png,2024-08-09 10:27:54.95638
16,user16,user16@example.com,hashed_password16,Ava,Rodriguez,1989-04-14,https://i.imgur.com/K6ORUJk.png,2024-08-09 10:27:54.95638
17,user17,user17@example.com,hashed_password17,Mason,Wilson,1992-05-23,https://i.imgur.com/K6ORUJk.png,2024-08-09 10:27:54.95638
18,user18,user18@example.com,hashed_password18,Isabella,Moore,1994-06-29,https://i.imgur.com/K6ORUJk.png,2024-08-09 10:27:54.95638
19,user19,user19@example.com,hashed_password19,Jacob,Taylor,1993-07-16,https://i.imgur.com/K6ORUJk.png,2024-08-09 10:27:54.95638
20,user20,user20@example.com,hashed_password20,Charlotte,Jackson,1990-08-21,https://i.imgur.com/K6ORUJk.png,2024-08-09 10:27:54.95638
21,user21,user21@example.com,hashed_password21,William,White,1995-09-09,https://i.imgur.com/K6ORUJk.png,2024-08-09 10:27:54.95638
22,user22,user22@example.com,hashed_password22,Ella,Harris,1988-10-14,https://i.imgur.com/K6ORUJk.png,2024-08-09 10:27:54.95638
23,user23,user23@example.com,hashed_password23,Alexander,Martin,1994-11-17,https://i.imgur.com/K6ORUJk.png,2024-08-09 10:27:54.95638
24,user24,user24@example.com,hashed_password24,Mia,Thompson,1991-12-20,https://i.imgur.com/K6ORUJk.png,2024-08-09 10:27:54.95638
25,user25,user25@example.com,hashed_password25,Benjamin,García,1986-01-25,https://i.imgur.com/K6ORUJk.png,2024-08-09 10:27:54.95638
26,user26,user26@example.com,hashed_password26,Harper,Wilson,1992-02-18,https://i.imgur.com/K6ORUJk.png,2024-08-09 10:27:54.95638
27,user27,user27@example.com,hashed_password27,James,Jackson,1987-03-13,https://i.imgur.com/K6ORUJk.png,2024-08-09 10:27:54.95638
28,user28,user28@example.com,hashed_password28,Evelyn,Taylor,1993-04-22,https://i.imgur.com/K6ORUJk.png,2024-08-09 10:27:54.95638
29,user29,user29@example.com,hashed_password29,Henry,Moore,1994-05-15,https://i.imgur.com/K6ORUJk.png,2024-08-09 10:27:54.95638
30,user30,user30@example.com,hashed_password30,Zoe,Harris,1989-06-30,https://i.imgur.com/K6ORUJk.png,2024-08-09 10:27:54.95638
33,wayala,W@randy.com,$2b$12$66cD74r3MwHTPLDAl8Ekw..qrlHDMuHwNfTC6a/F.1FZ1NugsJ19W,Brook,Lyn,1999-03-29,https://i.imgur.com/K6ORUJk.png,2024-08-11 23:31:53.702604
35,catinthehat,cat@hat.com,$2b$12$tZAp/AYXPI2Lvvyslkrw0ezzXnLFNRo29PtPAKaGw4sZ13wYvCdLa,Mike,Meyers,1975-04-15,https://i.imgur.com/K6ORUJk.png,2024-08-12 23:01:11.8603
2,user2,user2@example.com,hashed_password2,Jane,Smith,1985-02-15,https://i.imgur.com/K6ORUJk.png,2024-08-09 10:27:54.95638
3,user3,user3@example.com,hashed_password3,Michael,Brown,1992-03-23,https://i.imgur.com/K6ORUJk.png,2024-08-09 10:27:54.95638
4,user4,user4@example.com,hashed_password4,Emily,Davis,1988-04-30,https://i.imgur.com/K6ORUJk.png,2024-08-09 10:27:54.95638
5,user5,user5@example.com,hashed_password5,David,Wilson,1995-05-17,https://i.imgur.com/K6ORUJk.png,2024-08-09 10:27:54.95638
6,user6,user6@example.com,hashed_password6,Sarah,Miller,1991-06-22,https://i.imgur.com/K6ORUJk.png,2024-08-09 10:27:54.95638
7,user7,user7@example.com,hashed_password7,Chris,Anderson,1993-07-29,https://i.imgur.com/K6ORUJk.png,2024-08-09 10:27:54.95638
8,user8,user8@example.com,hashed_password8,Jessica,Thomas,1989-08-14,https://i.imgur.com/K6ORUJk.png,2024-08-09 10:27:54.95638
9,user9,user9@example.com,hashed_password9,James,Jackson,1994-09-19,https://i.imgur.com/K6ORUJk.png,2024-08-09 10:27:54.95638
10,user10,user10@example.com,hashed_password10,Amanda,White,1992-10-05,https://i.imgur.com/K6ORUJk.png,2024-08-09 10:27:54.95638
11,user11,user11@example.com,hashed_password11,Matthew,Harris,1987-11-12,https://i.imgur.com/K6ORUJk.png,2024-08-09 10:27:54.95638
12,user12,user12@example.com,hashed_password12,Olivia,Martin,1990-12-21,https://i.imgur.com/K6ORUJk.png,2024-08-09 10:27:54.95638
